{
    "table": "cron_table",
    "schema": {
        "server_name": {
            "coltype": "STRING"            
        },       
        "log_type": {
            "coltype": "STRING"          
        },
        "log_path": {
            "coltype": "STRING"                     
        },
        "start_time": {
            "coltype": "DATETIME",
            "defaultValue": "GLOBAL_CDATETIME"
        },
        "end_time": {
            "coltype": "DATETIME",
            "defaultValue": "GLOBAL_CDATETIME"
        },
        "status": {
            "coltype": "INTEGER"                     
        },
        "log_count":{
            "coltype":"INTEGER"
        },
        "msg": {
            "coltype": "STRING"                     
        }  
    }
}