{
    "table": "messages_log_table",
    "schema": {
        "infotable_id": {
            "coltype": "INTEGER"            
        },  
        "server_name": {
            "coltype": "STRING"                      
        },
        "cdate": {
            "coltype": "DATE"            
        }, 
        "ctime": {
            "coltype": "TIME"            
        }, 
        "type": {
            "coltype": "STRING"                      
        },
        "subtype": {
            "coltype": "STRING"                      
        },
        "software": {
            "coltype": "STRING"                      
        },
        "swVersion": {
            "coltype": "STRING"                      
        },
        "x_pid": {
            "coltype": "STRING"                      
        },
        "x_info": {
            "coltype": "STRING"                      
        },
        "remarks": {
            "coltype": "STRING"                      
        },
        "msg": {
            "coltype": "STRING"                      
        }  
    }
}