{
    "table": "aide_log",
    "schema": {
        "infotable_id": {
            "coltype": "INTEGER"            
        },
        "server_name": {
            "coltype": "STRING"                      
        },
        "cdate": {
            "coltype": "DATE"            
        }, 
        "ctime": {
            "coltype": "STRING"            
        },
        "type": {
           "coltype": "STRING"                            
        },
        "tot_no_files": {
            "coltype": "INTEGER"                      
        },
         "add_file": {
           "coltype": "STRING"                            
        },
         "rem_file": {
            "coltype": "STRING"                            
        },
         "cha_file": {
            "coltype": "STRING"                            
        }    
        
    }
}