{
    "table": "audit_log_table",
    "schema": {
        "infotable_id": {
            "coltype": "INTEGER"            
        },
         "server_name": {
            "coltype": "STRING"                      
        },
         "cdate": {
            "coltype": "DATE"            
        }, 
        "ctime": {
            "coltype": "TIME"            
        },
        "type": {
            "coltype": "STRING"                      
        },
        "deamon_id": {
            "coltype": "STRING"                      
        },
         "cmd": {
            "coltype": "STRING"                      
        },
         "arch": {
            "coltype": "STRING"                      
        },
         "syscall": {
            "coltype": "STRING"                      
        },
         "success": {
            "coltype": "STRING"                      
        },
         "exit_code": {
            "coltype": "STRING"                      
        },
         "a0": {
            "coltype": "STRING"                      
        },
         "a1": {
            "coltype": "STRING"                      
        },
         "a2": {
            "coltype": "STRING"                      
        },
         "a3": {
            "coltype": "STRING"                      
        },
        "items": {
            "coltype": "STRING"                      
        },
         "ppid": {
            "coltype": "STRING"                      
        },
         "pid": {
            "coltype": "STRING"                      
        },
         "auid": {
            "coltype": "STRING"                      
        },
         "uid": {
            "coltype": "STRING"                      
        },
         "gid": {
            "coltype": "STRING"                      
        },
        "euid": {
            "coltype": "STRING"                      
        },
         "suid": {
            "coltype": "INTEGER"                      
        },
         "fsuid": {
            "coltype": "INTEGER"                      
        },
         "egid": {
            "coltype": "INTEGER"                      
        },
         "sgid": {
            "coltype": "INTEGER"                      
        },
         "fsgid": {
            "coltype": "INTEGER"                      
        },
         "tty": {
            "coltype": "STRING"                      
        },
         "ses": {
            "coltype": "STRING"                      
        },
         "comm": {
            "coltype": "STRING"                      
        },
        "exe": {
            "coltype": "STRING"                      
        },       
        "key_file": {"coltype": "STRING"},
        "item": {"coltype": "STRING"}, 
        "name": {"coltype": "STRING"}, 
        "inode": {"coltype": "STRING"}, 
        "dev": {"coltype": "STRING"}, 
        "mode": {"coltype": "STRING"}, 
        "ouid": {"coltype": "INTEGER"}, 
        "ogid": {"coltype": "INTEGER"}, 
        "rdev": {"coltype": "STRING"}, 
        "objtype": {"coltype": "STRING"}, 
        "cap_fp": {"coltype": "STRING"}, 
        "cap_fi": {"coltype": "STRING"}, 
        "cap_fe": {"coltype": "INTEGER"}, 
        "cap_fver": {"coltype": "INTEGER"}, 
        "grantors": {"coltype": "STRING"}, 
        "acct": {"coltype": "STRING"}, 
        "hostname": {"coltype": "STRING"}, 
        "addr": {"coltype": "STRING"}, 
        "terminal": {"coltype": "STRING"}, 
        "res": {"coltype": "STRING"}, 
        "msg": {"coltype": "STRING"},
        "op": {"coltype": "STRING"},
        "old_auid": {"coltype": "STRING"},
        "old_ses": {"coltype": "STRING"},
         "proctitle": {"coltype": "STRING"},
        "kind_field": {"coltype": "STRING"},
        "fp": {"coltype": "STRING"},
         "direction": {"coltype": "STRING"},
        "rport": {"coltype": "STRING"},
        "laddr": {"coltype": "STRING"},
         "lport": {"coltype": "STRING"},
        "cipher": {"coltype": "STRING"},
        "ksize": {"coltype": "STRING"},
         "mac": {"coltype": "STRING"},
        "pfs": {"coltype": "STRING"},
        "spid": {"coltype": "STRING"},
        
        "subj": {"coltype": "STRING"},
        "default_context": {"coltype": "STRING"},
        "selected_context": {"coltype": "STRING"},
        "avc_status": {"coltype": "STRING"},
        "scontext": {"coltype": "STRING"},
        "tcontext": {"coltype": "STRING"},
        "tsclass": {"coltype": "STRING"},
        "added": {"coltype": "STRING"},
        "changed": {"coltype": "STRING"},
        "removed": {"coltype": "STRING"}       
    }
}