{
    "table": "hardserver_log",
    "schema": {
        "infotable_id": {
            "coltype": "INTEGER"            
        },
        "server_name": {
            "coltype": "STRING"                      
        },
        "cdate": {
            "coltype": "DATE"            
        }, 
        "ctime": {
            "coltype": "TIME"            
        },        
        "deamon_id": {
            "coltype": "STRING"                      
        },
        "log_type": {
            "coltype": "STRING"                      
        },
        "remarks": {
            "coltype": "STRING"                      
        }
        
    }
}