{
    "table": "infotable",
    "schema": {
        "category": {
            "coltype": "STRING",
            "validation": {
                "isNull": "please enter the category",
                "isEmpty": "please enter the category"
            }
        },       
        "title": {
            "coltype": "STRING",
            "validation": {
                "isNull": "please enter the title",
                "isEmpty": "please enter title"
            }
        },
        "file_path": {
            "coltype": "STRING",
            "validation": {
                "isNull": "please enter the path",
                "isEmpty": "please enter path"
            }            
        },
        "created_time": {
            "coltype": "DATE",
            "defaultValue": "GLOBAL_CDATETIME"
        },
        "created_by": {
            "coltype": "STRING",
            "defaultValue": "GLOBAL_USERNAME"
        }       
    }
}