{
    "table": "messages_ts_log_table",
    "schema": {
        "infotable_id": {
            "coltype": "INTEGER"            
        },  
        "server_name": {
            "coltype": "STRING"                      
        },
        "cdate": {
            "coltype": "DATE"            
        }, 
        "ctime": {
            "coltype": "TIME"            
        }, 
        "type": {
            "coltype": "STRING"                      
        },      
        "remarks": {
            "coltype": "STRING"                      
        }       
    }
}