{
    "table": "secure_log",
    "schema": {
        "infotable_id": {
            "coltype": "INTEGER"            
        },
        "server_name": {
            "coltype": "STRING"                      
        },
        "cdate": {
            "coltype": "DATE"            
        }, 
        "ctime": {
            "coltype": "TIME"            
        },     
        "cmd": {"coltype": "STRING" },
        "process": {"coltype": "STRING" },
        "process_cmd": {"coltype": "STRING" },
        "remarks": {"coltype": "STRING" },
        "logname": {"coltype": "STRING" },
        "uid": {"coltype": "STRING" },
        "euid": {"coltype": "STRING" },
        "tty": {"coltype": "STRING" },
        "ruser": {"coltype": "STRING" },
        "rhost": {"coltype": "STRING" },
        "user": {"coltype": "STRING" },
        "admin_user": {"coltype": "STRING" },
        "pwd": {"coltype": "STRING" },
        "command": {"coltype": "STRING" }      
    }
}