{
    "table": "cron_log_table",
    "schema": {
        "infotable_id": {
            "coltype": "INTEGER"            
        },  
        "cdate": {
            "coltype": "DATE"            
        }, 
        "ctime": {
            "coltype": "TIME"            
        },
        "jobname": {
            "coltype": "STRING"                      
        },
        "server_name": {
            "coltype": "STRING"                      
        },
        "job": {
            "coltype": "STRING"                      
        },
        "job_type": {
            "coltype": "STRING"                      
        },
        "jobid": {
            "coltype": "STRING"                      
        }, 
        "user": {
            "coltype": "STRING"                      
        },
        "command": {
            "coltype": "STRING"                      
        } 
    }
}